sample_id	run_accession	location	country	cohort	phenotype	insecticide	taxon	plate	well_letter	well_number	latitude	longitude
VK7_dead_01	SRR32318626	VK7	Burkina Faso	VK7_dead	dead	not_reported	unassigned	10	A	1	11.4	-4.41
VK7_dead_02	SRR32318625	VK7	Burkina Faso	VK7_dead	dead	not_reported	unassigned	10	A	2	11.4	-4.41
VK7_dead_03	SRR32318624	VK7	Burkina Faso	VK7_dead	dead	not_reported	unassigned	10	A	3	11.4	-4.41
VK7_dead_04	SRR32318623	VK7	Burkina Faso	VK7_dead	dead	not_reported	unassigned	10	A	4	11.4	-4.41
VK7_dead_05	SRR32318622	VK7	Burkina Faso	VK7_dead	dead	not_reported	unassigned	10	A	5	11.4	-4.41
VK7_dead_06	SRR32318621	VK7	Burkina Faso	VK7_dead	dead	not_reported	unassigned	10	A	6	11.4	-4.41
VK7_alive_01	SRR32318620	VK7	Burkina Faso	VK7_alive	alive	not_reported	unassigned	10	A	7	11.4	-4.41
VK7_alive_02	SRR32318619	VK7	Burkina Faso	VK7_alive	alive	not_reported	unassigned	10	A	8	11.4	-4.41
VK7_alive_03	SRR32318428	VK7	Burkina Faso	VK7_alive	alive	not_reported	unassigned	10	A	9	11.4	-4.41
VK7_alive_04	SRR32318427	VK7	Burkina Faso	VK7_alive	alive	not_reported	unassigned	10	A	10	11.4	-4.41
VK7_alive_05	SRR32318426	VK7	Burkina Faso	VK7_alive	alive	not_reported	unassigned	10	A	11	11.4	-4.41
VK7_alive_06	SRR32318425	VK7	Burkina Faso	VK7_alive	alive	not_reported	unassigned	10	A	12	11.4	-4.41
VK7_dead_07	SRR32318424	VK7	Burkina Faso	VK7_dead	dead	not_reported	unassigned	10	B	1	11.4	-4.41
VK7_dead_08	SRR32318423	VK7	Burkina Faso	VK7_dead	dead	not_reported	unassigned	10	B	2	11.4	-4.41
VK7_dead_09	SRR32318422	VK7	Burkina Faso	VK7_dead	dead	not_reported	unassigned	10	B	3	11.4	-4.41
VK7_dead_10	SRR32318421	VK7	Burkina Faso	VK7_dead	dead	not_reported	unassigned	10	B	4	11.4	-4.41
VK7_dead_11	SRR32318420	VK7	Burkina Faso	VK7_dead	dead	not_reported	unassigned	10	B	5	11.4	-4.41
VK7_dead_12	SRR32318419	VK7	Burkina Faso	VK7_dead	dead	not_reported	unassigned	10	B	6	11.4	-4.41
VK7_alive_07	SRR32318417	VK7	Burkina Faso	VK7_alive	alive	not_reported	unassigned	10	B	7	11.4	-4.41
VK7_alive_08	SRR32318416	VK7	Burkina Faso	VK7_alive	alive	not_reported	unassigned	10	B	8	11.4	-4.41
VK7_alive_09	SRR32318415	VK7	Burkina Faso	VK7_alive	alive	not_reported	unassigned	10	B	9	11.4	-4.41
VK7_alive_10	SRR32318414	VK7	Burkina Faso	VK7_alive	alive	not_reported	unassigned	10	B	10	11.4	-4.41
VK7_alive_11	SRR32318413	VK7	Burkina Faso	VK7_alive	alive	not_reported	unassigned	10	B	11	11.4	-4.41
VK7_alive_12	SRR32318412	VK7	Burkina Faso	VK7_alive	alive	not_reported	unassigned	10	B	12	11.4	-4.41
VK7_dead_13	SRR32318411	VK7	Burkina Faso	VK7_dead	dead	not_reported	unassigned	10	C	1	11.4	-4.41
VK7_dead_14	SRR32318410	VK7	Burkina Faso	VK7_dead	dead	not_reported	unassigned	10	C	2	11.4	-4.41
VK7_dead_15	SRR32318409	VK7	Burkina Faso	VK7_dead	dead	not_reported	unassigned	10	C	3	11.4	-4.41
VK7_dead_16	SRR32318408	VK7	Burkina Faso	VK7_dead	dead	not_reported	unassigned	10	C	4	11.4	-4.41
VK7_dead_17	SRR32318406	VK7	Burkina Faso	VK7_dead	dead	not_reported	unassigned	10	C	5	11.4	-4.41
VK7_dead_04_dil	SRR32318405	VK7	Burkina Faso	VK7_dead	dead	not_reported	unassigned	10	C	6	11.4	-4.41
VK7_alive_13	SRR32318404	VK7	Burkina Faso	VK7_alive	alive	not_reported	unassigned	10	C	7	11.4	-4.41
VK7_alive_14	SRR32318403	VK7	Burkina Faso	VK7_alive	alive	not_reported	unassigned	10	C	8	11.4	-4.41
VK7_alive_15	SRR32318402	VK7	Burkina Faso	VK7_alive	alive	not_reported	unassigned	10	C	9	11.4	-4.41
VK7_alive_16	SRR32318401	VK7	Burkina Faso	VK7_alive	alive	not_reported	unassigned	10	C	10	11.4	-4.41
VK7_alive_17	SRR32318400	VK7	Burkina Faso	VK7_alive	alive	not_reported	unassigned	10	C	11	11.4	-4.41
VK7_alive_18	SRR32318399	VK7	Burkina Faso	VK7_alive	alive	not_reported	unassigned	10	C	12	11.4	-4.41
VK7_dead_18	SRR32318822	VK7	Burkina Faso	VK7_dead	dead	not_reported	unassigned	10	D	1	11.4	-4.41
VK7_dead_19	SRR32318821	VK7	Burkina Faso	VK7_dead	dead	not_reported	unassigned	10	D	2	11.4	-4.41
VK7_dead_20	SRR32318819	VK7	Burkina Faso	VK7_dead	dead	not_reported	unassigned	10	D	3	11.4	-4.41
VK7_dead_21	SRR32318818	VK7	Burkina Faso	VK7_dead	dead	not_reported	unassigned	10	D	4	11.4	-4.41
VK7_dead_22	SRR32318817	VK7	Burkina Faso	VK7_dead	dead	not_reported	unassigned	10	D	5	11.4	-4.41
VK7_dead_10_dil	SRR32318816	VK7	Burkina Faso	VK7_dead	dead	not_reported	unassigned	10	D	6	11.4	-4.41
VK7_alive_19	SRR32318815	VK7	Burkina Faso	VK7_alive	alive	not_reported	unassigned	10	D	7	11.4	-4.41
VK7_alive_20	SRR32318814	VK7	Burkina Faso	VK7_alive	alive	not_reported	unassigned	10	D	8	11.4	-4.41
VK7_alive_21	SRR32318813	VK7	Burkina Faso	VK7_alive	alive	not_reported	unassigned	10	D	9	11.4	-4.41
VK7_alive_22	SRR32318812	VK7	Burkina Faso	VK7_alive	alive	not_reported	unassigned	10	D	10	11.4	-4.41
VK7_alive_23	SRR32318811	VK7	Burkina Faso	VK7_alive	alive	not_reported	unassigned	10	D	11	11.4	-4.41
VK7_alive_24	SRR32318810	VK7	Burkina Faso	VK7_alive	alive	not_reported	unassigned	10	D	12	11.4	-4.41
VK7_dead_23	SRR32318808	VK7	Burkina Faso	VK7_dead	dead	not_reported	unassigned	10	E	1	11.4	-4.41
VK7_dead_24	SRR32318807	VK7	Burkina Faso	VK7_dead	dead	not_reported	unassigned	10	E	2	11.4	-4.41
VK7_dead_25	SRR32318806	VK7	Burkina Faso	VK7_dead	dead	not_reported	unassigned	10	E	3	11.4	-4.41
VK7_dead_26	SRR32318805	VK7	Burkina Faso	VK7_dead	dead	not_reported	unassigned	10	E	4	11.4	-4.41
VK7_dead_27	SRR32318804	VK7	Burkina Faso	VK7_dead	dead	not_reported	unassigned	10	E	5	11.4	-4.41
VK7_dead_16_dil	SRR32318803	VK7	Burkina Faso	VK7_dead	dead	not_reported	unassigned	10	E	6	11.4	-4.41
VK7_alive_25	SRR32318802	VK7	Burkina Faso	VK7_alive	alive	not_reported	unassigned	10	E	7	11.4	-4.41
VK7_alive_26	SRR32318801	VK7	Burkina Faso	VK7_alive	alive	not_reported	unassigned	10	E	8	11.4	-4.41
VK7_alive_27	SRR32318800	VK7	Burkina Faso	VK7_alive	alive	not_reported	unassigned	10	E	9	11.4	-4.41
VK7_alive_28	SRR32318799	VK7	Burkina Faso	VK7_alive	alive	not_reported	unassigned	10	E	10	11.4	-4.41
VK7_alive_29	SRR32318797	VK7	Burkina Faso	VK7_alive	alive	not_reported	unassigned	10	E	11	11.4	-4.41
VK7_alive_30	SRR32318796	VK7	Burkina Faso	VK7_alive	alive	not_reported	unassigned	10	E	12	11.4	-4.41
VK7_dead_28	SRR32318795	VK7	Burkina Faso	VK7_dead	dead	not_reported	unassigned	10	F	1	11.4	-4.41
VK7_dead_29	SRR32318794	VK7	Burkina Faso	VK7_dead	dead	not_reported	unassigned	10	F	2	11.4	-4.41
VK7_dead_30	SRR32318793	VK7	Burkina Faso	VK7_dead	dead	not_reported	unassigned	10	F	3	11.4	-4.41
VK7_dead_31	SRR32318792	VK7	Burkina Faso	VK7_dead	dead	not_reported	unassigned	10	F	4	11.4	-4.41
VK7_dead_32	SRR32318791	VK7	Burkina Faso	VK7_dead	dead	not_reported	unassigned	10	F	5	11.4	-4.41
VK7_dead_22_dil	SRR32318398	VK7	Burkina Faso	VK7_dead	dead	not_reported	unassigned	10	F	6	11.4	-4.41
VK7_alive_31	SRR32318397	VK7	Burkina Faso	VK7_alive	alive	not_reported	unassigned	10	F	7	11.4	-4.41
VK7_alive_32	SRR32318396	VK7	Burkina Faso	VK7_alive	alive	not_reported	unassigned	10	F	8	11.4	-4.41
VK7_alive_33	SRR32318394	VK7	Burkina Faso	VK7_alive	alive	not_reported	unassigned	10	F	9	11.4	-4.41
VK7_alive_34	SRR32318393	VK7	Burkina Faso	VK7_alive	alive	not_reported	unassigned	10	F	10	11.4	-4.41
VK7_alive_35	SRR32318392	VK7	Burkina Faso	VK7_alive	alive	not_reported	unassigned	10	F	11	11.4	-4.41
VK7_alive_36	SRR32318391	VK7	Burkina Faso	VK7_alive	alive	not_reported	unassigned	10	F	12	11.4	-4.41
VK7_dead_33	SRR32318390	VK7	Burkina Faso	VK7_dead	dead	not_reported	unassigned	10	G	1	11.4	-4.41
VK7_dead_34	SRR32318389	VK7	Burkina Faso	VK7_dead	dead	not_reported	unassigned	10	G	2	11.4	-4.41
VK7_dead_35	SRR32318388	VK7	Burkina Faso	VK7_dead	dead	not_reported	unassigned	10	G	3	11.4	-4.41
VK7_dead_36	SRR32318387	VK7	Burkina Faso	VK7_dead	dead	not_reported	unassigned	10	G	4	11.4	-4.41
VK7_dead_37	SRR32318386	VK7	Burkina Faso	VK7_dead	dead	not_reported	unassigned	10	G	5	11.4	-4.41
VK7_dead_28_dil	SRR32318385	VK7	Burkina Faso	VK7_dead	dead	not_reported	unassigned	10	G	6	11.4	-4.41
VK7_alive_37	SRR32318383	VK7	Burkina Faso	VK7_alive	alive	not_reported	unassigned	10	G	7	11.4	-4.41
VK7_alive_38	SRR32318382	VK7	Burkina Faso	VK7_alive	alive	not_reported	unassigned	10	G	8	11.4	-4.41
VK7_alive_39	SRR32318381	VK7	Burkina Faso	VK7_alive	alive	not_reported	unassigned	10	G	9	11.4	-4.41
VK7_alive_40	SRR32318380	VK7	Burkina Faso	VK7_alive	alive	not_reported	unassigned	10	G	10	11.4	-4.41
VK7_alive_41	SRR32318379	VK7	Burkina Faso	VK7_alive	alive	not_reported	unassigned	10	G	11	11.4	-4.41
VK7_alive_42	SRR32318378	VK7	Burkina Faso	VK7_alive	alive	not_reported	unassigned	10	G	12	11.4	-4.41
VK7_dead_38	SRR32318377	VK7	Burkina Faso	VK7_dead	dead	not_reported	unassigned	10	H	1	11.4	-4.41
VK7_dead_39	SRR32318376	VK7	Burkina Faso	VK7_dead	dead	not_reported	unassigned	10	H	2	11.4	-4.41
VK7_dead_40	SRR32318375	VK7	Burkina Faso	VK7_dead	dead	not_reported	unassigned	10	H	3	11.4	-4.41
VK7_dead_41	SRR32318374	VK7	Burkina Faso	VK7_dead	dead	not_reported	unassigned	10	H	4	11.4	-4.41
VK7_dead_42	SRR32318372	VK7	Burkina Faso	VK7_dead	dead	not_reported	unassigned	10	H	5	11.4	-4.41
VK7_dead_34_dil	SRR32318371	VK7	Burkina Faso	VK7_dead	dead	not_reported	unassigned	10	H	6	11.4	-4.41
VK7_alive_43	SRR32318370	VK7	Burkina Faso	VK7_alive	alive	not_reported	unassigned	10	H	7	11.4	-4.41
VK7_alive_44	SRR32318369	VK7	Burkina Faso	VK7_alive	alive	not_reported	unassigned	10	H	8	11.4	-4.41
VK7_alive_45	SRR32318368	VK7	Burkina Faso	VK7_alive	alive	not_reported	unassigned	10	H	9	11.4	-4.41
VK7_alive_46	SRR32318367	VK7	Burkina Faso	VK7_alive	alive	not_reported	unassigned	10	H	10	11.4	-4.41
VK7_alive_47	SRR32318550	VK7	Burkina Faso	VK7_alive	alive	not_reported	unassigned	10	H	11	11.4	-4.41
VK7_Negative	SRR32318549	VK7	Burkina Faso	negative_control	negative_control	not_reported	unassigned	10	H	12	11.4	-4.41
Siaya_Delta_Dead_01	SRR32318548	Siaya	Kenya	Siaya_dead	dead	deltamethrin	unassigned	12	A	1	0.061	34.288
Siaya_Delta_Dead_02	SRR32318547	Siaya	Kenya	Siaya_dead	dead	deltamethrin	unassigned	12	A	2	0.061	34.288
Siaya_Delta_Dead_03	SRR32318545	Siaya	Kenya	Siaya_dead	dead	deltamethrin	unassigned	12	A	3	0.061	34.288
Siaya_Delta_Dead_04	SRR32318544	Siaya	Kenya	Siaya_dead	dead	deltamethrin	unassigned	12	A	4	0.061	34.288
Siaya_Delta_Dead_05	SRR32318543	Siaya	Kenya	Siaya_dead	dead	deltamethrin	unassigned	12	A	5	0.061	34.288
Siaya_Delta_Dead_06	SRR32318542	Siaya	Kenya	Siaya_dead	dead	deltamethrin	unassigned	12	A	6	0.061	34.288
Siaya_Delta_Dead_07	SRR32318541	Siaya	Kenya	Siaya_dead	dead	deltamethrin	unassigned	12	A	7	0.061	34.288
Siaya_Delta_Dead_08	SRR32318540	Siaya	Kenya	Siaya_dead	dead	deltamethrin	unassigned	12	A	8	0.061	34.288
Siaya_Delta_Dead_09	SRR32318539	Siaya	Kenya	Siaya_dead	dead	deltamethrin	unassigned	12	A	9	0.061	34.288
Siaya_Delta_Dead_10	SRR32318538	Siaya	Kenya	Siaya_dead	dead	deltamethrin	unassigned	12	A	10	0.061	34.288
Siaya_Delta_Dead_11	SRR32318537	Siaya	Kenya	Siaya_dead	dead	deltamethrin	unassigned	12	A	11	0.061	34.288
Siaya_Delta_Dead_12	SRR32318536	Siaya	Kenya	Siaya_dead	dead	deltamethrin	unassigned	12	A	12	0.061	34.288
Siaya_Delta_Dead_13	SRR32318533	Siaya	Kenya	Siaya_dead	dead	deltamethrin	unassigned	12	B	1	0.061	34.288
Siaya_Delta_Dead_14	SRR32318532	Siaya	Kenya	Siaya_dead	dead	deltamethrin	unassigned	12	B	2	0.061	34.288
Siaya_Delta_Dead_15	SRR32318531	Siaya	Kenya	Siaya_dead	dead	deltamethrin	unassigned	12	B	3	0.061	34.288
Siaya_Delta_Dead_16	SRR32318530	Siaya	Kenya	Siaya_dead	dead	deltamethrin	unassigned	12	B	4	0.061	34.288
Siaya_Delta_Dead_17	SRR32318529	Siaya	Kenya	Siaya_dead	dead	deltamethrin	unassigned	12	B	5	0.061	34.288
Siaya_Delta_Dead_18	SRR32318528	Siaya	Kenya	Siaya_dead	dead	deltamethrin	unassigned	12	B	6	0.061	34.288
Siaya_Delta_Dead_19	SRR32318527	Siaya	Kenya	Siaya_dead	dead	deltamethrin	unassigned	12	B	7	0.061	34.288
Siaya_Delta_Dead_20	SRR32318526	Siaya	Kenya	Siaya_dead	dead	deltamethrin	unassigned	12	B	8	0.061	34.288
Siaya_Delta_Dead_21	SRR32318525	Siaya	Kenya	Siaya_dead	dead	deltamethrin	unassigned	12	B	9	0.061	34.288
Siaya_Delta_Dead_22	SRR32318524	Siaya	Kenya	Siaya_dead	dead	deltamethrin	unassigned	12	B	10	0.061	34.288
Siaya_Delta_Dead_23	SRR32318522	Siaya	Kenya	Siaya_dead	dead	deltamethrin	unassigned	12	B	11	0.061	34.288
Siaya_Delta_Dead_24	SRR32318521	Siaya	Kenya	Siaya_dead	dead	deltamethrin	unassigned	12	B	12	0.061	34.288
Siaya_Delta_Dead_25	SRR32318520	Siaya	Kenya	Siaya_dead	dead	deltamethrin	unassigned	12	C	1	0.061	34.288
Siaya_Delta_Dead_26	SRR32318519	Siaya	Kenya	Siaya_dead	dead	deltamethrin	unassigned	12	C	2	0.061	34.288
Siaya_Delta_Dead_27	SRR32318790	Siaya	Kenya	Siaya_dead	dead	deltamethrin	unassigned	12	C	3	0.061	34.288
Siaya_Delta_Dead_28	SRR32318789	Siaya	Kenya	Siaya_dead	dead	deltamethrin	unassigned	12	C	4	0.061	34.288
Siaya_Delta_Dead_29	SRR32318788	Siaya	Kenya	Siaya_dead	dead	deltamethrin	unassigned	12	C	5	0.061	34.288
Siaya_Delta_Dead_30	SRR32318787	Siaya	Kenya	Siaya_dead	dead	deltamethrin	unassigned	12	C	6	0.061	34.288
Siaya_Delta_Dead_31	SRR32318786	Siaya	Kenya	Siaya_dead	dead	deltamethrin	unassigned	12	C	7	0.061	34.288
Siaya_Delta_Dead_32	SRR32318785	Siaya	Kenya	Siaya_dead	dead	deltamethrin	unassigned	12	C	8	0.061	34.288
Siaya_Delta_Dead_33	SRR32318783	Siaya	Kenya	Siaya_dead	dead	deltamethrin	unassigned	12	C	9	0.061	34.288
Siaya_Delta_Dead_34	SRR32318782	Siaya	Kenya	Siaya_dead	dead	deltamethrin	unassigned	12	C	10	0.061	34.288
Siaya_Delta_Dead_35	SRR32318781	Siaya	Kenya	Siaya_dead	dead	deltamethrin	unassigned	12	C	11	0.061	34.288
Siaya_Delta_Dead_36	SRR32318780	Siaya	Kenya	Siaya_dead	dead	deltamethrin	unassigned	12	C	12	0.061	34.288
Siaya_Delta_Dead_37	SRR32318779	Siaya	Kenya	Siaya_dead	dead	deltamethrin	unassigned	12	D	1	0.061	34.288
Siaya_Delta_Dead_38	SRR32318778	Siaya	Kenya	Siaya_dead	dead	deltamethrin	unassigned	12	D	2	0.061	34.288
Siaya_Delta_Dead_39	SRR32318777	Siaya	Kenya	Siaya_dead	dead	deltamethrin	unassigned	12	D	3	0.061	34.288
Siaya_Delta_Dead_40	SRR32318776	Siaya	Kenya	Siaya_dead	dead	deltamethrin	unassigned	12	D	4	0.061	34.288
Siaya_Delta_Dead_41	SRR32318775	Siaya	Kenya	Siaya_dead	dead	deltamethrin	unassigned	12	D	5	0.061	34.288
Siaya_Delta_Dead_42	SRR32318774	Siaya	Kenya	Siaya_dead	dead	deltamethrin	unassigned	12	D	6	0.061	34.288
Siaya_Delta_Dead_43	SRR32318772	Siaya	Kenya	Siaya_dead	dead	deltamethrin	unassigned	12	D	7	0.061	34.288
Siaya_Delta_Dead_44	SRR32318771	Siaya	Kenya	Siaya_dead	dead	deltamethrin	unassigned	12	D	8	0.061	34.288
Siaya_Delta_Dead_45	SRR32318770	Siaya	Kenya	Siaya_dead	dead	deltamethrin	unassigned	12	D	9	0.061	34.288
Siaya_Delta_Dead_46	SRR32318769	Siaya	Kenya	Siaya_dead	dead	deltamethrin	unassigned	12	D	10	0.061	34.288
Siaya_Delta_Dead_47	SRR32318768	Siaya	Kenya	Siaya_dead	dead	deltamethrin	unassigned	12	D	11	0.061	34.288
Siaya_Delta_Dead_48	SRR32318767	Siaya	Kenya	Siaya_dead	dead	deltamethrin	unassigned	12	D	12	0.061	34.288
Siaya_Delta_Dead_49	SRR32318766	Siaya	Kenya	Siaya_dead	dead	deltamethrin	unassigned	12	E	1	0.061	34.288
Siaya_Delta_Dead_50	SRR32318765	Siaya	Kenya	Siaya_dead	dead	deltamethrin	unassigned	12	E	2	0.061	34.288
Siaya_Delta_Dead_51	SRR32318764	Siaya	Kenya	Siaya_dead	dead	deltamethrin	unassigned	12	E	3	0.061	34.288
Siaya_Delta_Dead_52	SRR32318763	Siaya	Kenya	Siaya_dead	dead	deltamethrin	unassigned	12	E	4	0.061	34.288
Siaya_Delta_Dead_53	SRR32318761	Siaya	Kenya	Siaya_dead	dead	deltamethrin	unassigned	12	E	5	0.061	34.288
Siaya_Delta_Dead_54	SRR32318760	Siaya	Kenya	Siaya_dead	dead	deltamethrin	unassigned	12	E	6	0.061	34.288
Siaya_Delta_Dead_55	SRR32318759	Siaya	Kenya	Siaya_dead	dead	deltamethrin	unassigned	12	E	7	0.061	34.288
Siaya_Delta_Dead_56	SRR32318758	Siaya	Kenya	Siaya_dead	dead	deltamethrin	unassigned	12	E	8	0.061	34.288
Siaya_Delta_Dead_57	SRR32318757	Siaya	Kenya	Siaya_dead	dead	deltamethrin	unassigned	12	E	9	0.061	34.288
Siaya_Delta_Dead_58	SRR32318756	Siaya	Kenya	Siaya_dead	dead	deltamethrin	unassigned	12	E	10	0.061	34.288
Siaya_Delta_Dead_59	SRR32318755	Siaya	Kenya	Siaya_dead	dead	deltamethrin	unassigned	12	E	11	0.061	34.288
Siaya_Delta_Dead_60	SRR32318754	Siaya	Kenya	Siaya_dead	dead	deltamethrin	unassigned	12	E	12	0.061	34.288
Siaya_Delta_Dead_61	SRR32318753	Siaya	Kenya	Siaya_dead	dead	deltamethrin	unassigned	12	F	1	0.061	34.288
Siaya_Delta_Dead_62	SRR32318752	Siaya	Kenya	Siaya_dead	dead	deltamethrin	unassigned	12	F	2	0.061	34.288
Siaya_Delta_Dead_63	SRR32318750	Siaya	Kenya	Siaya_dead	dead	deltamethrin	unassigned	12	F	3	0.061	34.288
Siaya_Delta_Dead_64	SRR32318749	Siaya	Kenya	Siaya_dead	dead	deltamethrin	unassigned	12	F	4	0.061	34.288
Siaya_Delta_Dead_65	SRR32318748	Siaya	Kenya	Siaya_dead	dead	deltamethrin	unassigned	12	F	5	0.061	34.288
Siaya_Delta_Dead_66	SRR32318747	Siaya	Kenya	Siaya_dead	dead	deltamethrin	unassigned	12	F	6	0.061	34.288
Siaya_Delta_Dead_67	SRR32318746	Siaya	Kenya	Siaya_dead	dead	deltamethrin	unassigned	12	F	7	0.061	34.288
Siaya_Delta_Dead_68	SRR32318745	Siaya	Kenya	Siaya_dead	dead	deltamethrin	unassigned	12	F	8	0.061	34.288
Siaya_Delta_Dead_69	SRR32318744	Siaya	Kenya	Siaya_dead	dead	deltamethrin	unassigned	12	F	9	0.061	34.288
Siaya_Delta_Dead_70	SRR32318743	Siaya	Kenya	Siaya_dead	dead	deltamethrin	unassigned	12	F	10	0.061	34.288
Siaya_Delta_Dead_71	SRR32318742	Siaya	Kenya	Siaya_dead	dead	deltamethrin	unassigned	12	F	11	0.061	34.288
Siaya_Delta_Dead_72	SRR32318741	Siaya	Kenya	Siaya_dead	dead	deltamethrin	unassigned	12	F	12	0.061	34.288
Siaya_Delta_Dead_73	SRR32318739	Siaya	Kenya	Siaya_dead	dead	deltamethrin	unassigned	12	G	1	0.061	34.288
Siaya_Delta_Dead_74	SRR32318738	Siaya	Kenya	Siaya_dead	dead	deltamethrin	unassigned	12	G	2	0.061	34.288
Siaya_Delta_Dead_75	SRR32318737	Siaya	Kenya	Siaya_dead	dead	deltamethrin	unassigned	12	G	3	0.061	34.288
Siaya_Delta_Dead_76	SRR32318736	Siaya	Kenya	Siaya_dead	dead	deltamethrin	unassigned	12	G	4	0.061	34.288
Siaya_Delta_Dead_77	SRR32318735	Siaya	Kenya	Siaya_dead	dead	deltamethrin	unassigned	12	G	5	0.061	34.288
Siaya_Delta_Dead_78	SRR32318734	Siaya	Kenya	Siaya_dead	dead	deltamethrin	unassigned	12	G	6	0.061	34.288
Siaya_Delta_Dead_79	SRR32318733	Siaya	Kenya	Siaya_dead	dead	deltamethrin	unassigned	12	G	7	0.061	34.288
Siaya_Delta_Dead_80	SRR32318732	Siaya	Kenya	Siaya_dead	dead	deltamethrin	unassigned	12	G	8	0.061	34.288
Siaya_Delta_Dead_81	SRR32318731	Siaya	Kenya	Siaya_dead	dead	deltamethrin	unassigned	12	G	9	0.061	34.288
Siaya_Delta_Dead_82	SRR32318730	Siaya	Kenya	Siaya_dead	dead	deltamethrin	unassigned	12	G	10	0.061	34.288
Siaya_Delta_Dead_83	SRR32318728	Siaya	Kenya	Siaya_dead	dead	deltamethrin	unassigned	12	G	11	0.061	34.288
Siaya_Delta_Dead_84	SRR32318727	Siaya	Kenya	Siaya_dead	dead	deltamethrin	unassigned	12	G	12	0.061	34.288
Siaya_Delta_Dead_85	SRR32318366	Siaya	Kenya	Siaya_dead	dead	deltamethrin	unassigned	12	H	1	0.061	34.288
Siaya_Delta_Dead_86	SRR32318365	Siaya	Kenya	Siaya_dead	dead	deltamethrin	unassigned	12	H	2	0.061	34.288
Siaya_Delta_Dead_87	SRR32318364	Siaya	Kenya	Siaya_dead	dead	deltamethrin	unassigned	12	H	3	0.061	34.288
Siaya_Delta_Dead_88	SRR32318363	Siaya	Kenya	Siaya_dead	dead	deltamethrin	unassigned	12	H	4	0.061	34.288
Siaya_Delta_Dead_89	SRR32318362	Siaya	Kenya	Siaya_dead	dead	deltamethrin	unassigned	12	H	5	0.061	34.288
Siaya_Delta_Dead_90	SRR32318361	Siaya	Kenya	Siaya_dead	dead	deltamethrin	unassigned	12	H	6	0.061	34.288
Siaya_Delta_Dead_91	SRR32318360	Siaya	Kenya	Siaya_dead	dead	deltamethrin	unassigned	12	H	7	0.061	34.288
Siaya_Delta_Dead_92	SRR32318359	Siaya	Kenya	Siaya_dead	dead	deltamethrin	unassigned	12	H	8	0.061	34.288
Siaya_Delta_Dead_93	SRR32318909	Siaya	Kenya	Siaya_dead	dead	deltamethrin	unassigned	12	H	9	0.061	34.288
Siaya_Delta_Dead_94	SRR32318908	Siaya	Kenya	Siaya_dead	dead	deltamethrin	unassigned	12	H	10	0.061	34.288
Siaya_Delta_Dead_95	SRR32318907	Siaya	Kenya	Siaya_dead	dead	deltamethrin	unassigned	12	H	11	0.061	34.288
Siaya_Delta_Dead_Negative	SRR32318906	Siaya	Kenya	negative_control	negative_control	deltamethrin	unassigned	12	H	12	0.061	34.288
Siaya_Delta_Alive_01	SRR32318905	Siaya	Kenya	Siaya_alive	alive	deltamethrin	unassigned	15	A	1	0.061	34.288
Siaya_Delta_Alive_02	SRR32318904	Siaya	Kenya	Siaya_alive	alive	deltamethrin	unassigned	15	A	2	0.061	34.288
Siaya_Delta_Alive_03	SRR32318903	Siaya	Kenya	Siaya_alive	alive	deltamethrin	unassigned	15	A	3	0.061	34.288
Siaya_Delta_Alive_04	SRR32318902	Siaya	Kenya	Siaya_alive	alive	deltamethrin	unassigned	15	A	4	0.061	34.288
Siaya_Delta_Alive_05	SRR32318901	Siaya	Kenya	Siaya_alive	alive	deltamethrin	unassigned	15	A	5	0.061	34.288
Siaya_Delta_Alive_06	SRR32318900	Siaya	Kenya	Siaya_alive	alive	deltamethrin	unassigned	15	A	6	0.061	34.288
Siaya_Delta_Alive_07	SRR32318898	Siaya	Kenya	Siaya_alive	alive	deltamethrin	unassigned	15	A	7	0.061	34.288
Siaya_Delta_Alive_08	SRR32318897	Siaya	Kenya	Siaya_alive	alive	deltamethrin	unassigned	15	A	8	0.061	34.288
Siaya_Delta_Alive_09	SRR32318896	Siaya	Kenya	Siaya_alive	alive	deltamethrin	unassigned	15	A	9	0.061	34.288
Siaya_Delta_Alive_10	SRR32318895	Siaya	Kenya	Siaya_alive	alive	deltamethrin	unassigned	15	A	10	0.061	34.288
Siaya_Delta_Alive_11	SRR32318894	Siaya	Kenya	Siaya_alive	alive	deltamethrin	unassigned	15	A	11	0.061	34.288
Siaya_Delta_Alive_12	SRR32318893	Siaya	Kenya	Siaya_alive	alive	deltamethrin	unassigned	15	A	12	0.061	34.288
Siaya_Delta_Alive_13	SRR32318892	Siaya	Kenya	Siaya_alive	alive	deltamethrin	unassigned	15	B	1	0.061	34.288
Siaya_Delta_Alive_14	SRR32318891	Siaya	Kenya	Siaya_alive	alive	deltamethrin	unassigned	15	B	2	0.061	34.288
Siaya_Delta_Alive_15	SRR32318890	Siaya	Kenya	Siaya_alive	alive	deltamethrin	unassigned	15	B	3	0.061	34.288
Siaya_Delta_Alive_16	SRR32318889	Siaya	Kenya	Siaya_alive	alive	deltamethrin	unassigned	15	B	4	0.061	34.288
Siaya_Delta_Alive_17	SRR32318886	Siaya	Kenya	Siaya_alive	alive	deltamethrin	unassigned	15	B	5	0.061	34.288
Siaya_Delta_Alive_18	SRR32318885	Siaya	Kenya	Siaya_alive	alive	deltamethrin	unassigned	15	B	6	0.061	34.288
Siaya_Delta_Alive_19	SRR32318884	Siaya	Kenya	Siaya_alive	alive	deltamethrin	unassigned	15	B	7	0.061	34.288
Siaya_Delta_Alive_20	SRR32318883	Siaya	Kenya	Siaya_alive	alive	deltamethrin	unassigned	15	B	8	0.061	34.288
Siaya_Delta_Alive_21	SRR32318882	Siaya	Kenya	Siaya_alive	alive	deltamethrin	unassigned	15	B	9	0.061	34.288
Siaya_Delta_Alive_22	SRR32318881	Siaya	Kenya	Siaya_alive	alive	deltamethrin	unassigned	15	B	10	0.061	34.288
Siaya_Delta_Alive_23	SRR32318880	Siaya	Kenya	Siaya_alive	alive	deltamethrin	unassigned	15	B	11	0.061	34.288
Siaya_Delta_Alive_24	SRR32318879	Siaya	Kenya	Siaya_alive	alive	deltamethrin	unassigned	15	B	12	0.061	34.288
Siaya_Delta_Alive_25	SRR32318878	Siaya	Kenya	Siaya_alive	alive	deltamethrin	unassigned	15	C	1	0.061	34.288
Siaya_Delta_Alive_26	SRR32318877	Siaya	Kenya	Siaya_alive	alive	deltamethrin	unassigned	15	C	2	0.061	34.288
Siaya_Delta_Alive_27	SRR32318875	Siaya	Kenya	Siaya_alive	alive	deltamethrin	unassigned	15	C	3	0.061	34.288
Siaya_Delta_Alive_28	SRR32318874	Siaya	Kenya	Siaya_alive	alive	deltamethrin	unassigned	15	C	4	0.061	34.288
Siaya_Delta_Alive_29	SRR32318873	Siaya	Kenya	Siaya_alive	alive	deltamethrin	unassigned	15	C	5	0.061	34.288
Siaya_Delta_Alive_30	SRR32318872	Siaya	Kenya	Siaya_alive	alive	deltamethrin	unassigned	15	C	6	0.061	34.288
Siaya_Delta_Alive_31	SRR32318871	Siaya	Kenya	Siaya_alive	alive	deltamethrin	unassigned	15	C	7	0.061	34.288
Siaya_Delta_Alive_32	SRR32318870	Siaya	Kenya	Siaya_alive	alive	deltamethrin	unassigned	15	C	8	0.061	34.288
Siaya_Delta_Alive_33	SRR32318869	Siaya	Kenya	Siaya_alive	alive	deltamethrin	unassigned	15	C	9	0.061	34.288
Siaya_Delta_Alive_34	SRR32318868	Siaya	Kenya	Siaya_alive	alive	deltamethrin	unassigned	15	C	10	0.061	34.288
Siaya_Delta_Alive_35	SRR32318867	Siaya	Kenya	Siaya_alive	alive	deltamethrin	unassigned	15	C	11	0.061	34.288
Siaya_Delta_Alive_36	SRR32318866	Siaya	Kenya	Siaya_alive	alive	deltamethrin	unassigned	15	C	12	0.061	34.288
Siaya_Delta_Alive_37	SRR32318864	Siaya	Kenya	Siaya_alive	alive	deltamethrin	unassigned	15	D	1	0.061	34.288
Siaya_Delta_Alive_38	SRR32318863	Siaya	Kenya	Siaya_alive	alive	deltamethrin	unassigned	15	D	2	0.061	34.288
Siaya_Delta_Alive_39	SRR32318862	Siaya	Kenya	Siaya_alive	alive	deltamethrin	unassigned	15	D	3	0.061	34.288
Siaya_Delta_Alive_40	SRR32318861	Siaya	Kenya	Siaya_alive	alive	deltamethrin	unassigned	15	D	4	0.061	34.288
Siaya_Delta_Alive_41	SRR32318860	Siaya	Kenya	Siaya_alive	alive	deltamethrin	unassigned	15	D	5	0.061	34.288
Siaya_Delta_Alive_42	SRR32318859	Siaya	Kenya	Siaya_alive	alive	deltamethrin	unassigned	15	D	6	0.061	34.288
Siaya_Delta_Alive_43	SRR32318858	Siaya	Kenya	Siaya_alive	alive	deltamethrin	unassigned	15	D	7	0.061	34.288
Siaya_Delta_Alive_44	SRR32318857	Siaya	Kenya	Siaya_alive	alive	deltamethrin	unassigned	15	D	8	0.061	34.288
Siaya_Delta_Alive_45	SRR32318856	Siaya	Kenya	Siaya_alive	alive	deltamethrin	unassigned	15	D	9	0.061	34.288
Siaya_Delta_Alive_46	SRR32318855	Siaya	Kenya	Siaya_alive	alive	deltamethrin	unassigned	15	D	10	0.061	34.288
Siaya_Delta_Alive_47	SRR32318617	Siaya	Kenya	Siaya_alive	alive	deltamethrin	unassigned	15	D	11	0.061	34.288
Siaya_Delta_Alive_48	SRR32318616	Siaya	Kenya	Siaya_alive	alive	deltamethrin	unassigned	15	D	12	0.061	34.288
Siaya_Delta_Alive_49	SRR32318615	Siaya	Kenya	Siaya_alive	alive	deltamethrin	unassigned	15	E	1	0.061	34.288
Siaya_Delta_Alive_50	SRR32318614	Siaya	Kenya	Siaya_alive	alive	deltamethrin	unassigned	15	E	2	0.061	34.288
Siaya_Delta_Alive_51	SRR32318613	Siaya	Kenya	Siaya_alive	alive	deltamethrin	unassigned	15	E	3	0.061	34.288
Siaya_Delta_Alive_52	SRR32318612	Siaya	Kenya	Siaya_alive	alive	deltamethrin	unassigned	15	E	4	0.061	34.288
Siaya_Delta_Alive_53	SRR32318611	Siaya	Kenya	Siaya_alive	alive	deltamethrin	unassigned	15	E	5	0.061	34.288
Siaya_Delta_Alive_54	SRR32318610	Siaya	Kenya	Siaya_alive	alive	deltamethrin	unassigned	15	E	6	0.061	34.288
Siaya_Delta_Alive_55	SRR32318609	Siaya	Kenya	Siaya_alive	alive	deltamethrin	unassigned	15	E	7	0.061	34.288
Siaya_Delta_Alive_56	SRR32318608	Siaya	Kenya	Siaya_alive	alive	deltamethrin	unassigned	15	E	8	0.061	34.288
Siaya_Delta_Alive_57	SRR32318606	Siaya	Kenya	Siaya_alive	alive	deltamethrin	unassigned	15	E	9	0.061	34.288
Siaya_Delta_Alive_58	SRR32318605	Siaya	Kenya	Siaya_alive	alive	deltamethrin	unassigned	15	E	10	0.061	34.288
Siaya_Delta_Alive_59	SRR32318604	Siaya	Kenya	Siaya_alive	alive	deltamethrin	unassigned	15	E	11	0.061	34.288
Siaya_Delta_Alive_60	SRR32318603	Siaya	Kenya	Siaya_alive	alive	deltamethrin	unassigned	15	E	12	0.061	34.288
Siaya_Delta_Alive_61	SRR32318602	Siaya	Kenya	Siaya_alive	alive	deltamethrin	unassigned	15	F	1	0.061	34.288
Siaya_Delta_Alive_62	SRR32318601	Siaya	Kenya	Siaya_alive	alive	deltamethrin	unassigned	15	F	2	0.061	34.288
Siaya_Delta_Alive_63	SRR32318600	Siaya	Kenya	Siaya_alive	alive	deltamethrin	unassigned	15	F	3	0.061	34.288
Siaya_Delta_Alive_64	SRR32318599	Siaya	Kenya	Siaya_alive	alive	deltamethrin	unassigned	15	F	4	0.061	34.288
Siaya_Delta_Alive_65	SRR32318598	Siaya	Kenya	Siaya_alive	alive	deltamethrin	unassigned	15	F	5	0.061	34.288
Siaya_Delta_Alive_66	SRR32318597	Siaya	Kenya	Siaya_alive	alive	deltamethrin	unassigned	15	F	6	0.061	34.288
Siaya_Delta_Alive_67	SRR32318595	Siaya	Kenya	Siaya_alive	alive	deltamethrin	unassigned	15	F	7	0.061	34.288
Siaya_Delta_Alive_68	SRR32318594	Siaya	Kenya	Siaya_alive	alive	deltamethrin	unassigned	15	F	8	0.061	34.288
Siaya_Delta_Alive_69	SRR32318593	Siaya	Kenya	Siaya_alive	alive	deltamethrin	unassigned	15	F	9	0.061	34.288
Siaya_Delta_Alive_70	SRR32318592	Siaya	Kenya	Siaya_alive	alive	deltamethrin	unassigned	15	F	10	0.061	34.288
Siaya_Delta_Alive_71	SRR32318591	Siaya	Kenya	Siaya_alive	alive	deltamethrin	unassigned	15	F	11	0.061	34.288
Siaya_Delta_Alive_72	SRR32318590	Siaya	Kenya	Siaya_alive	alive	deltamethrin	unassigned	15	F	12	0.061	34.288
Siaya_Delta_Alive_73	SRR32318589	Siaya	Kenya	Siaya_alive	alive	deltamethrin	unassigned	15	G	1	0.061	34.288
Siaya_Delta_Alive_74	SRR32318588	Siaya	Kenya	Siaya_alive	alive	deltamethrin	unassigned	15	G	2	0.061	34.288
Siaya_Delta_Alive_75	SRR32318586	Siaya	Kenya	Siaya_alive	alive	deltamethrin	unassigned	15	G	3	0.061	34.288
Siaya_Delta_Alive_76	SRR32318518	Siaya	Kenya	Siaya_alive	alive	deltamethrin	unassigned	15	G	4	0.061	34.288
Siaya_Delta_Alive_77	SRR32318516	Siaya	Kenya	Siaya_alive	alive	deltamethrin	unassigned	15	G	5	0.061	34.288
Siaya_Delta_Alive_78	SRR32318515	Siaya	Kenya	Siaya_alive	alive	deltamethrin	unassigned	15	G	6	0.061	34.288
Siaya_Delta_Alive_79	SRR32318514	Siaya	Kenya	Siaya_alive	alive	deltamethrin	unassigned	15	G	7	0.061	34.288
Siaya_Delta_Alive_80	SRR32318513	Siaya	Kenya	Siaya_alive	alive	deltamethrin	unassigned	15	G	8	0.061	34.288
Siaya_Delta_Alive_81	SRR32318512	Siaya	Kenya	Siaya_alive	alive	deltamethrin	unassigned	15	G	9	0.061	34.288
Siaya_Delta_Alive_82	SRR32318511	Siaya	Kenya	Siaya_alive	alive	deltamethrin	unassigned	15	G	10	0.061	34.288
Siaya_Delta_Alive_83	SRR32318510	Siaya	Kenya	Siaya_alive	alive	deltamethrin	unassigned	15	G	11	0.061	34.288
Siaya_Delta_Alive_84	SRR32318509	Siaya	Kenya	Siaya_alive	alive	deltamethrin	unassigned	15	G	12	0.061	34.288
Siaya_Delta_Alive_85	SRR32318508	Siaya	Kenya	Siaya_alive	alive	deltamethrin	unassigned	15	H	1	0.061	34.288
Siaya_Delta_Alive_86	SRR32318507	Siaya	Kenya	Siaya_alive	alive	deltamethrin	unassigned	15	H	2	0.061	34.288
Siaya_Delta_Alive_87	SRR32318505	Siaya	Kenya	Siaya_alive	alive	deltamethrin	unassigned	15	H	3	0.061	34.288
Siaya_Delta_Alive_88	SRR32318504	Siaya	Kenya	Siaya_alive	alive	deltamethrin	unassigned	15	H	4	0.061	34.288
Siaya_Delta_Alive_89	SRR32318503	Siaya	Kenya	Siaya_alive	alive	deltamethrin	unassigned	15	H	5	0.061	34.288
Siaya_Delta_Alive_90	SRR32318502	Siaya	Kenya	Siaya_alive	alive	deltamethrin	unassigned	15	H	6	0.061	34.288
Siaya_Delta_Alive_91	SRR32318501	Siaya	Kenya	Siaya_alive	alive	deltamethrin	unassigned	15	H	7	0.061	34.288
Siaya_Delta_Alive_92	SRR32318500	Siaya	Kenya	Siaya_alive	alive	deltamethrin	unassigned	15	H	8	0.061	34.288
Siaya_Delta_Alive_93	SRR32318499	Siaya	Kenya	Siaya_alive	alive	deltamethrin	unassigned	15	H	9	0.061	34.288
Siaya_Delta_Alive_94	SRR32318498	Siaya	Kenya	Siaya_alive	alive	deltamethrin	unassigned	15	H	10	0.061	34.288
Siaya_Delta_Alive_95	SRR32318497	Siaya	Kenya	Siaya_alive	alive	deltamethrin	unassigned	15	H	11	0.061	34.288
Siaya_Delta_Alive_Negative	SRR32318496	Siaya	Kenya	negative_control	negative_control	deltamethrin	unassigned	15	H	12	0.061	34.288
Siaya_Delta_Dead_96	SRR32318494	Siaya	Kenya	Siaya_dead	dead	deltamethrin	unassigned	7	A	1	0.061	34.288
Siaya_Delta_Dead_97	SRR32318493	Siaya	Kenya	Siaya_dead	dead	deltamethrin	unassigned	7	A	2	0.061	34.288
Siaya_Delta_Dead_98	SRR32318492	Siaya	Kenya	Siaya_dead	dead	deltamethrin	unassigned	7	A	3	0.061	34.288
Siaya_Delta_Dead_99	SRR32318491	Siaya	Kenya	Siaya_dead	dead	deltamethrin	unassigned	7	A	4	0.061	34.288
Siaya_Delta_Dead_100	SRR32318490	Siaya	Kenya	Siaya_dead	dead	deltamethrin	unassigned	7	A	5	0.061	34.288
Siaya_Delta_Alive_96	SRR32318489	Siaya	Kenya	Siaya_alive	alive	deltamethrin	unassigned	7	A	6	0.061	34.288
Siaya_Delta_Alive_97	SRR32318488	Siaya	Kenya	Siaya_alive	alive	deltamethrin	unassigned	7	A	7	0.061	34.288
Siaya_Delta_Alive_98	SRR32318487	Siaya	Kenya	Siaya_alive	alive	deltamethrin	unassigned	7	A	8	0.061	34.288
Siaya_Delta_Alive_99	SRR32318854	Siaya	Kenya	Siaya_alive	alive	deltamethrin	unassigned	7	A	9	0.061	34.288
Siaya_Delta_Dead_101	SRR32318853	Siaya	Kenya	Siaya_dead	dead	deltamethrin	unassigned	7	B	1	0.061	34.288
Siaya_Delta_Dead_102	SRR32318851	Siaya	Kenya	Siaya_dead	dead	deltamethrin	unassigned	7	B	2	0.061	34.288
Siaya_Delta_Dead_103	SRR32318850	Siaya	Kenya	Siaya_dead	dead	deltamethrin	unassigned	7	B	3	0.061	34.288
Siaya_Delta_Dead_104	SRR32318849	Siaya	Kenya	Siaya_dead	dead	deltamethrin	unassigned	7	B	4	0.061	34.288
Siaya_Delta_Dead_105	SRR32318848	Siaya	Kenya	Siaya_dead	dead	deltamethrin	unassigned	7	B	5	0.061	34.288
Siaya_Delta_Alive_100	SRR32318847	Siaya	Kenya	Siaya_alive	alive	deltamethrin	unassigned	7	B	6	0.061	34.288
Siaya_Delta_Alive_101	SRR32318846	Siaya	Kenya	Siaya_alive	alive	deltamethrin	unassigned	7	B	7	0.061	34.288
Siaya_Delta_Alive_102	SRR32318845	Siaya	Kenya	Siaya_alive	alive	deltamethrin	unassigned	7	B	8	0.061	34.288
Siaya_Delta_Alive_103	SRR32318844	Siaya	Kenya	Siaya_alive	alive	deltamethrin	unassigned	7	B	9	0.061	34.288
Siaya_Delta_Dead_106	SRR32318843	Siaya	Kenya	Siaya_dead	dead	deltamethrin	unassigned	7	C	1	0.061	34.288
Siaya_Delta_Dead_107	SRR32318842	Siaya	Kenya	Siaya_dead	dead	deltamethrin	unassigned	7	C	2	0.061	34.288
Siaya_Delta_Dead_108	SRR32318839	Siaya	Kenya	Siaya_dead	dead	deltamethrin	unassigned	7	C	3	0.061	34.288
Siaya_Delta_Dead_109	SRR32318838	Siaya	Kenya	Siaya_dead	dead	deltamethrin	unassigned	7	C	4	0.061	34.288
Siaya_Delta_Dead_110	SRR32318837	Siaya	Kenya	Siaya_dead	dead	deltamethrin	unassigned	7	C	5	0.061	34.288
Siaya_Delta_Alive_104	SRR32318836	Siaya	Kenya	Siaya_alive	alive	deltamethrin	unassigned	7	C	6	0.061	34.288
Siaya_Delta_Alive_105	SRR32318835	Siaya	Kenya	Siaya_alive	alive	deltamethrin	unassigned	7	C	7	0.061	34.288
Siaya_Delta_Alive_106	SRR32318834	Siaya	Kenya	Siaya_alive	alive	deltamethrin	unassigned	7	C	8	0.061	34.288
Siaya_Delta_Alive_107	SRR32318833	Siaya	Kenya	Siaya_alive	alive	deltamethrin	unassigned	7	C	9	0.061	34.288
Siaya_Delta_Dead_111	SRR32318832	Siaya	Kenya	Siaya_dead	dead	deltamethrin	unassigned	7	D	1	0.061	34.288
Siaya_Delta_Dead_112	SRR32318831	Siaya	Kenya	Siaya_dead	dead	deltamethrin	unassigned	7	D	2	0.061	34.288
Siaya_Delta_Dead_113	SRR32318830	Siaya	Kenya	Siaya_dead	dead	deltamethrin	unassigned	7	D	3	0.061	34.288
Siaya_Delta_Dead_114	SRR32318828	Siaya	Kenya	Siaya_dead	dead	deltamethrin	unassigned	7	D	4	0.061	34.288
Siaya_Delta_Dead_115	SRR32318827	Siaya	Kenya	Siaya_dead	dead	deltamethrin	unassigned	7	D	5	0.061	34.288
Siaya_Delta_Alive_108	SRR32318826	Siaya	Kenya	Siaya_alive	alive	deltamethrin	unassigned	7	D	6	0.061	34.288
Siaya_Delta_Alive_109	SRR32318825	Siaya	Kenya	Siaya_alive	alive	deltamethrin	unassigned	7	D	7	0.061	34.288
Siaya_Delta_Alive_110	SRR32318824	Siaya	Kenya	Siaya_alive	alive	deltamethrin	unassigned	7	D	8	0.061	34.288
Siaya_Delta_Alive_111	SRR32318823	Siaya	Kenya	Siaya_alive	alive	deltamethrin	unassigned	7	D	9	0.061	34.288
Siaya_Delta_Dead_116	SRR32318726	Siaya	Kenya	Siaya_dead	dead	deltamethrin	unassigned	7	E	1	0.061	34.288
Siaya_Delta_Dead_117	SRR32318725	Siaya	Kenya	Siaya_dead	dead	deltamethrin	unassigned	7	E	2	0.061	34.288
Siaya_Delta_Dead_118	SRR32318724	Siaya	Kenya	Siaya_dead	dead	deltamethrin	unassigned	7	E	3	0.061	34.288
Siaya_Delta_Dead_119	SRR32318723	Siaya	Kenya	Siaya_dead	dead	deltamethrin	unassigned	7	E	4	0.061	34.288
Siaya_Delta_Alive_112	SRR32318721	Siaya	Kenya	Siaya_alive	alive	deltamethrin	unassigned	7	E	5	0.061	34.288
Siaya_Delta_Alive_113	SRR32318720	Siaya	Kenya	Siaya_alive	alive	deltamethrin	unassigned	7	E	6	0.061	34.288
Siaya_Delta_Alive_114	SRR32318719	Siaya	Kenya	Siaya_alive	alive	deltamethrin	unassigned	7	E	7	0.061	34.288
Siaya_Delta_Alive_115	SRR32318718	Siaya	Kenya	Siaya_alive	alive	deltamethrin	unassigned	7	E	8	0.061	34.288
Siaya_Delta_Alive_116	SRR32318717	Siaya	Kenya	Siaya_alive	alive	deltamethrin	unassigned	7	E	9	0.061	34.288
Siaya_Delta_Dead_120	SRR32318716	Siaya	Kenya	Siaya_dead	dead	deltamethrin	unassigned	7	F	1	0.061	34.288
Siaya_Delta_Dead_121	SRR32318715	Siaya	Kenya	Siaya_dead	dead	deltamethrin	unassigned	7	F	2	0.061	34.288
Siaya_Delta_Dead_122	SRR32318714	Siaya	Kenya	Siaya_dead	dead	deltamethrin	unassigned	7	F	3	0.061	34.288
Siaya_Delta_Dead_123	SRR32318713	Siaya	Kenya	Siaya_dead	dead	deltamethrin	unassigned	7	F	4	0.061	34.288
Siaya_Delta_Alive_117	SRR32318712	Siaya	Kenya	Siaya_alive	alive	deltamethrin	unassigned	7	F	5	0.061	34.288
Siaya_Delta_Alive_118	SRR32318710	Siaya	Kenya	Siaya_alive	alive	deltamethrin	unassigned	7	F	6	0.061	34.288
Siaya_Delta_Alive_119	SRR32318709	Siaya	Kenya	Siaya_alive	alive	deltamethrin	unassigned	7	F	7	0.061	34.288
Siaya_Delta_Alive_120	SRR32318708	Siaya	Kenya	Siaya_alive	alive	deltamethrin	unassigned	7	F	8	0.061	34.288
Siaya_Delta_Alive_121	SRR32318707	Siaya	Kenya	Siaya_alive	alive	deltamethrin	unassigned	7	F	9	0.061	34.288
Siaya_Delta_Dead_124	SRR32318706	Siaya	Kenya	Siaya_dead	dead	deltamethrin	unassigned	7	G	1	0.061	34.288
Siaya_Delta_Dead_125	SRR32318705	Siaya	Kenya	Siaya_dead	dead	deltamethrin	unassigned	7	G	2	0.061	34.288
Siaya_Delta_Dead_126	SRR32318704	Siaya	Kenya	Siaya_dead	dead	deltamethrin	unassigned	7	G	3	0.061	34.288
Siaya_Delta_Dead_127	SRR32318703	Siaya	Kenya	Siaya_dead	dead	deltamethrin	unassigned	7	G	4	0.061	34.288
Siaya_Delta_Alive_122	SRR32318702	Siaya	Kenya	Siaya_alive	alive	deltamethrin	unassigned	7	G	5	0.061	34.288
Siaya_Delta_Alive_123	SRR32318701	Siaya	Kenya	Siaya_alive	alive	deltamethrin	unassigned	7	G	6	0.061	34.288
Siaya_Delta_Alive_124	SRR32318699	Siaya	Kenya	Siaya_alive	alive	deltamethrin	unassigned	7	G	7	0.061	34.288
Siaya_Delta_Alive_125	SRR32318698	Siaya	Kenya	Siaya_alive	alive	deltamethrin	unassigned	7	G	8	0.061	34.288
Siaya_Delta_Alive_126	SRR32318697	Siaya	Kenya	Siaya_alive	alive	deltamethrin	unassigned	7	G	9	0.061	34.288
Siaya_Delta_Dead_128	SRR32318696	Siaya	Kenya	Siaya_dead	dead	deltamethrin	unassigned	7	H	1	0.061	34.288
Siaya_Delta_Dead_129	SRR32318695	Siaya	Kenya	Siaya_dead	dead	deltamethrin	unassigned	7	H	2	0.061	34.288
Siaya_Delta_Dead_130	SRR32318486	Siaya	Kenya	Siaya_dead	dead	deltamethrin	unassigned	7	H	3	0.061	34.288
Siaya_Delta_Dead_131	SRR32318485	Siaya	Kenya	Siaya_dead	dead	deltamethrin	unassigned	7	H	4	0.061	34.288
Siaya_Delta_Alive_127	SRR32318484	Siaya	Kenya	Siaya_alive	alive	deltamethrin	unassigned	7	H	5	0.061	34.288
Siaya_Delta_Alive_128	SRR32318483	Siaya	Kenya	Siaya_alive	alive	deltamethrin	unassigned	7	H	6	0.061	34.288
Siaya_Delta_Alive_129	SRR32318482	Siaya	Kenya	Siaya_alive	alive	deltamethrin	unassigned	7	H	7	0.061	34.288
Siaya_Delta_Alive_130	SRR32318480	Siaya	Kenya	Siaya_alive	alive	deltamethrin	unassigned	7	H	8	0.061	34.288
Siaya_Delta_Alive_131	SRR32318479	Siaya	Kenya	Siaya_alive	alive	deltamethrin	unassigned	7	H	9	0.061	34.288
