sampleID	treatment	species	strain
Kis1	Kisumu	gambiae	Kisumu
Kis2	Kisumu	gambiae	Kisumu
Kis3	Kisumu	gambiae	Kisumu
Kis4	Kisumu	gambiae	Kisumu
BusSus1	BusiaParental	gambiae	BusiaParental
BusSus2	BusiaParental	gambiae	BusiaParental
BusSus3	BusiaParental	gambiae	BusiaParental
BusSus4	BusiaParental	gambiae	BusiaParental
BusSus5	BusiaParental	gambiae	BusiaParental
BusSus6	BusiaParental	gambiae	BusiaParental
BusRes1	BusiaSelected	gambiae	BusiaSelected
BusRes2	BusiaSelected	gambiae	BusiaSelected
BusRes3	BusiaSelected	gambiae	BusiaSelected
BusRes4	BusiaSelected	gambiae	BusiaSelected
BusRes5	BusiaSelected	gambiae	BusiaSelected
BusRes6	BusiaSelected	gambiae	BusiaSelected
